bidirectional_duration_ms,bidirectional_packets,bidirectional_bytes,src2dst_duration_ms,src2dst_packets,src2dst_bytes,dst2src_duration_ms,dst2src_packets,dst2src_bytes,bidirectional_min_ps,bidirectional_mean_ps,bidirectional_stddev_ps,bidirectional_max_ps,src2dst_min_ps,src2dst_mean_ps,src2dst_stddev_ps,src2dst_max_ps,dst2src_min_ps,dst2src_mean_ps,dst2src_stddev_ps,dst2src_max_ps,bidirectional_min_piat_ms,bidirectional_mean_piat_ms,bidirectional_stddev_piat_ms,bidirectional_max_piat_ms,src2dst_min_piat_ms,src2dst_mean_piat_ms,src2dst_stddev_piat_ms,src2dst_max_piat_ms,dst2src_min_piat_ms,dst2src_mean_piat_ms,dst2src_stddev_piat_ms,dst2src_max_piat_ms,bidirectional_syn_packets,bidirectional_cwr_packets,bidirectional_ece_packets,bidirectional_urg_packets,bidirectional_ack_packets,bidirectional_psh_packets,bidirectional_rst_packets,bidirectional_fin_packets,src2dst_syn_packets,src2dst_cwr_packets,src2dst_ece_packets,src2dst_urg_packets,src2dst_ack_packets,src2dst_psh_packets,src2dst_rst_packets,src2dst_fin_packets,dst2src_syn_packets,dst2src_cwr_packets,dst2src_ece_packets,dst2src_urg_packets,dst2src_ack_packets,dst2src_psh_packets,dst2src_rst_packets,dst2src_fin_packets,udps.srcdst_packet_size_variation,udps.srcdst_udp_packet_count,udps.udp_packet_count,udps.srcdst_tcp_packet_count,udps.tcp_packet_count,udps.srcdst_ack_packet_count,udps.ack_packet_count,udps.srcdst_fin_packet_count,udps.fin_packet_count,udps.srcdst_rst_packet_count,udps.rst_packet_count,udps.srcdst_psh_packet_count,udps.psh_packet_count,udps.srcdst_syn_packet_count,udps.syn_packet_count,udps.srcdst_unique_ports_count,udps.srcdst_icmp_packet_count,udps.icmp_packet_count,udps.srcdst_http_ports_count,udps.http_ports_count,udps.srcdst_bidirectional_duration_avg,udps.bidirectional_duration_avg,udps.srcdst_dns_port_count,udps.dns_port_count,udps.srcdst_dns_port_src_count,udps.dns_port_src_count,udps.srcdst_vul_ports_count,udps.src2dst_packet_count,udps.bidirectional_packet_count,udps.srcdst_src2dst_packet_count,udps.srcdst_bidirectional_packet_count,true_label,y_pred
0.000102864586,1.7303448,868.48785,2.0200892e-05,1.5935643,748.7831,0.635392,0.14732479,205.15985,412.2163,411.88663,4.1963324e-07,411.66037,411.8431,411.72287,-4.3551108e-07,411.80664,0.00079401303,0.1052253,-1.4070768e-06,1.3450986e-06,-1.5558516e-07,1.4355768,0.7607481,-0.00021925224,-3.796532e-09,1.5702645,0.82928073,-0.00016848958,3.276925e-11,5.4496836e-06,-8.828322e-06,3.9341518e-05,0.00064285315,0.0,0.0,0.0,0.24630049,0.005580415,-1.2840543e-09,1.43255505e-08,0.0005751369,0.0,0.0,0.0,0.09893442,-2.8473991e-08,9.982359e-10,-8.9849745e-09,5.3360347e-09,0.0,0.0,0.0,2.6121594e-07,1.8246968e-08,0.00011390964,0.0004132027,237.49416,43.151657,43.205276,0.054885153,0.030929098,0.41420662,2.122861e-06,2.2701082e-07,1.0027204e-07,3.6693756e-08,2.64631e-07,0.0023715086,3.3511208e-07,0.20123947,0.017479759,43.353493,-2.8454122e-10,-2.8454122e-10,0.98323894,0.9890759,396.44894,364.2567,0.030696811,0.011749122,-1.185884e-11,2.353679e-05,0.9635982,176.72769,169.31555,164.68887,172.6978,1,1
126.63145,2.4271832,833.55817,137.00832,2.6537964,1064.4608,-0.00035018602,2.2622972e-07,0.00019002976,464.5568,464.56833,0.014717522,465.66098,465.2049,465.14978,0.13417773,465.42505,0.065704904,6.939639e-07,0.15722898,0.5236067,0.20275435,-6.182481e-07,5.875665e-06,7.293482,0.118427746,-1.7493998e-05,-3.9340803e-06,10.839431,1.5645383e-06,0.6613671,2.3466098,8.850259,-4.2556582e-08,0.0,0.0,0.0,-2.0737421e-07,-1.0227022e-08,0.00015375635,0.00093053223,1.1712029e-08,0.0,0.0,0.0,8.247012e-09,0.00776598,0.00038071448,0.0004157185,0.0007975155,0.0,0.0,0.0,0.056852125,0.0024340334,-4.196451e-10,8.409364e-09,269.2034,1.5710906,1.5470445,-2.3342314e-07,9.627569e-09,-8.326939e-07,0.116159655,0.01992749,0.047595125,0.0036664377,0.010085847,-2.7938117e-07,0.10527835,8.321126e-07,0.014569144,1.187981,5.5481396e-05,0.0001393088,0.03188939,0.021529919,-0.0002767915,0.00036143055,-5.7838076e-08,0.011337135,7.2618466e-05,-5.935629e-11,0.11289019,66.930084,73.72303,74.072655,72.1016,2,2
0.000102864586,2.0107136,2641.982,2.0200892e-05,1.2120907,170.2899,60.006485,0.59132504,836.38544,221.45181,221.2498,0.6710629,224.57367,221.4517,221.33623,-4.3551108e-07,221.64633,0.18483408,0.90026164,-1.4070768e-06,1.3450986e-06,-1.5558516e-07,6.3321223,0.9473936,-0.00021925224,-3.796532e-09,2.9280832,-3.9340803e-06,-0.00016848958,1.3389657e-05,0.010366168,2.2696445,3.9341518e-05,0.0022400788,0.0,0.0,0.0,0.954562,0.024511328,0.0010840284,1.43255505e-08,0.004458469,0.0,0.0,0.0,0.3314798,-2.8473991e-08,9.982359e-10,-8.9849745e-09,5.3360347e-09,0.0,0.0,0.0,2.6121594e-07,0.018248338,0.0015090066,0.0016844058,129.19073,350.0,349.93365,0.35815072,0.40861034,3.8113015,0.59224916,2.2701082e-07,1.0027204e-07,0.7542506,0.6549623,0.06728908,3.3511208e-07,2.260308,0.9008721,350.0,0.00018266094,0.00017894403,7.074447e-08,4.904611e-09,425.09396,412.51794,0.5986728,0.028495643,-1.185884e-11,4.6691566e-05,-5.33331e-08,633.36584,630.277,629.9271,630.0811,1,1
152.79308,2.117485,251.31207,157.23634,2.2155259,579.9608,2.6012123,2.2622972e-07,0.00019002976,269.1967,269.1813,4.1963324e-07,269.92395,269.07953,269.11337,0.07811122,269.65536,5.560012e-07,6.939639e-07,0.19304135,0.5924544,0.07323774,-6.182481e-07,5.875665e-06,1.0969487,0.028419968,-1.7493998e-05,-3.9340803e-06,7.0061793,3.276925e-11,0.21733639,0.60185885,9.421548,-4.2556582e-08,0.0,0.0,0.0,-2.0737421e-07,-1.0227022e-08,-1.2840543e-09,0.00023879053,1.1712029e-08,0.0,0.0,0.0,8.247012e-09,0.0027079298,0.00038308377,0.00010787542,0.00045615967,0.0,0.0,0.0,0.038874887,1.8246968e-08,-4.196451e-10,8.409364e-09,155.6618,186.87888,186.97838,-2.3342314e-07,9.627569e-09,-8.326939e-07,2.122861e-06,0.021601427,0.044720273,3.6693756e-08,2.64631e-07,0.012503345,0.007210113,8.321126e-07,8.152553e-07,186.76889,-2.8454122e-10,1.7500199e-05,0.025284003,0.021803385,1849.8098,1910.393,-5.7838076e-08,-1.4503115e-07,3.163015e-05,-5.935629e-11,0.04620356,404.91006,412.9032,415.24063,407.34207,2,2
0.000102864586,2.9388733,1843.1802,2.0200892e-05,3.2120917,1322.309,2.1241615,0.5649874,817.8298,377.0633,407.44345,36.368893,437.4156,375.50034,406.5865,36.024544,438.05435,5.560012e-07,0.2932212,-1.4070768e-06,1.3450986e-06,-1.5558516e-07,42.11212,65.27424,91.51296,-3.796532e-09,42.70103,66.224785,83.25911,3.276925e-11,5.4496836e-06,-8.828322e-06,3.9341518e-05,0.0021591953,0.0,0.0,0.0,0.9552291,0.017529478,-1.2840543e-09,1.43255505e-08,0.0021874127,0.0,0.0,0.0,0.396595,-2.8473991e-08,9.982359e-10,-8.9849745e-09,5.3360347e-09,0.0,0.0,0.0,2.6121594e-07,1.8246968e-08,0.00057742704,0.001596191,235.0233,48.772232,48.933502,0.23307395,0.11559249,1.4801208,2.122861e-06,2.2701082e-07,1.0027204e-07,3.6693756e-08,2.64631e-07,-2.7938117e-07,3.3511208e-07,0.87443626,8.152553e-07,49.642967,-2.8454122e-10,-2.8454122e-10,7.074447e-08,4.904611e-09,555.9367,543.3607,0.08522791,-1.4503115e-07,-1.185884e-11,7.988274e-05,-5.33331e-08,164.09244,164.27698,163.9274,164.0811,1,1
124.163185,4.0425873,1596.936,125.61135,4.0653105,1626.7477,-0.00035018602,2.2622972e-07,0.00019002976,371.7384,403.27295,36.370407,434.8694,371.80008,403.30887,36.385193,434.8439,0.0042692022,6.939639e-07,0.019255185,0.07377759,0.019772135,35.777313,62.285957,108.76052,0.010873552,35.756847,62.22845,109.3658,2.115012e-07,0.044057574,0.25450778,1.0846341,-4.2556582e-08,0.0,0.0,0.0,-2.0737421e-07,-1.0227022e-08,2.4846402e-05,9.8302386e-05,1.1712029e-08,0.0,0.0,0.0,8.247012e-09,0.00066873565,5.1529212e-05,4.575248e-05,9.504494e-05,0.0,0.0,0.0,0.007473253,0.0003112737,-4.196451e-10,8.409364e-09,234.33304,60.96019,60.958588,-2.3342314e-07,9.627569e-09,-8.326939e-07,0.031069018,0.002341259,0.0062500047,3.6693756e-08,0.00065019366,0.00018568711,0.010563232,8.321126e-07,8.152553e-07,60.91787,4.8248976e-06,8.3555415e-06,0.003550481,0.002856498,9.0710125,16.365107,-5.7838076e-08,0.0009382705,6.9924745e-06,-5.935629e-11,0.011094994,185.07217,186.30896,186.93204,185.51933,2,2
381.69003,2.5750122,1139.0005,366.08353,2.3110707,1859.5521,14.637345,2.2622972e-07,0.00019002976,987.31555,988.6428,4.1963324e-07,986.6813,988.33856,989.33624,0.5265594,988.2506,0.1688009,6.939639e-07,-1.4070768e-06,0.11668531,0.12453302,-6.182481e-07,5.875665e-06,-0.00021925224,-3.796532e-09,-1.7493998e-05,-3.9340803e-06,3.821853,2.533742e-05,1.0341547,1.6788242,24.736124,5.050218e-05,0.0,0.0,0.0,-2.0737421e-07,-1.0227022e-08,0.00043367466,0.0012710834,1.1712029e-08,0.0,0.0,0.0,8.247012e-09,-2.8473991e-08,0.0006380948,0.00054963527,0.0030889863,0.0,0.0,0.0,0.04178693,0.010771532,3.5112305e-05,8.409364e-09,569.63995,281.941,282.18295,-2.3342314e-07,9.627569e-09,-8.326939e-07,2.122861e-06,2.2701082e-07,0.03629456,0.02953247,0.07378414,-2.7938117e-07,3.3511208e-07,8.321126e-07,8.152553e-07,280.75092,-2.8454122e-10,0.00011798897,0.026820134,0.024966722,-0.0002767915,0.00036143055,0.10360521,0.3319815,8.5985506e-05,-5.935629e-11,1.2170925,523.22375,527.7648,515.5082,499.4219,2,2
0.000102864586,2.0004234,529.91656,2.0200892e-05,1.9665959,449.4901,1.9552162,0.019187676,27.195503,229.55072,229.6686,0.021900596,229.34363,229.59254,229.61897,-4.3551108e-07,229.45071,0.0059896307,0.029228905,-1.4070768e-06,1.3450986e-06,-1.5558516e-07,0.2057489,0.030645523,-0.00021925224,-3.796532e-09,0.09507528,-3.9340803e-06,-0.00016848958,4.3589174e-07,0.000417437,0.074270956,3.9341518e-05,7.2734714e-05,0.0,0.0,0.0,0.031057151,0.0007939236,3.5307017e-05,1.43255505e-08,0.00014517883,0.0,0.0,0.0,0.010763654,-2.8473991e-08,9.982359e-10,-8.9849745e-09,5.3360347e-09,0.0,0.0,0.0,2.6121594e-07,0.00059594546,4.9167826e-05,5.468077e-05,132.44803,350.0,349.99786,0.023619896,0.015697489,0.1238929,0.019312121,2.2701082e-07,1.0027204e-07,0.026299514,0.021336343,0.0021893568,3.3511208e-07,0.08845413,0.02929769,350.0,5.972287e-06,5.8437645e-06,7.074447e-08,4.904611e-09,76.08469,61.30212,0.019479694,0.0009153823,-1.185884e-11,1.5093817e-06,-5.33331e-08,693.8314,691.6339,691.3573,692.80524,1,1
0.000102864586,0.99999994,4306.137,2.0200892e-05,1.2120907,2543.9631,55.592422,1.1261876,2165.2058,1015.5482,1015.7502,1.4873204,1012.42633,1015.5483,1015.66376,-4.3551108e-07,1015.35364,5.560012e-07,6.939639e-07,0.7863412,1.3450986e-06,0.12816748,7.432922,8.517706,22.496851,1.2318928,10.3327465,24.265743,-0.00016848958,3.276925e-11,0.105504714,17.089346,3.9341518e-05,0.008063989,0.0,0.0,0.0,1.8344419,0.15507601,-1.2840543e-09,1.43255505e-08,0.010390949,0.0,0.0,0.0,0.72387505,0.06047818,9.982359e-10,-8.9849745e-09,5.3360347e-09,0.0,0.0,0.0,2.6121594e-07,1.8246968e-08,-4.196451e-10,0.001685896,584.9916,349.84592,348.74692,0.35815072,0.40087652,4.620368,6.155199,0.20928763,1.0027204e-07,3.6693756e-08,2.64631e-07,0.9982354,1.2860397,2.260308,2.6326568,350.0,0.0011584756,1.6349084e-05,7.074447e-08,4.904611e-09,425.09396,412.51794,-5.7838076e-08,-1.4503115e-07,-1.185884e-11,0.00069867325,-5.33331e-08,769.9076,769.723,770.0729,769.919,1,1
448.16757,3.0508814,605.0777,448.16116,2.4769776,1815.2157,6.4605875,2.2622972e-07,0.00019002976,990.4518,990.2498,4.1963324e-07,988.384,990.4517,990.3362,0.78645474,990.6463,0.32033977,0.042725302,-1.4070768e-06,0.17837659,0.18093237,-6.182481e-07,5.875665e-06,-0.00021925224,-3.796532e-09,-1.7493998e-05,-3.9340803e-06,14.418532,3.786819e-05,2.0594537,2.227286,40.81913,0.00063123024,0.0,0.0,0.0,-2.0737421e-07,-1.0227022e-08,0.0004636707,0.002217635,1.1712029e-08,0.0,0.0,0.0,8.247012e-09,-2.8473991e-08,0.0012837659,0.0008410275,0.0041058413,0.0,0.0,0.0,0.1130903,0.00932445,-4.196451e-10,8.409364e-09,571.16797,349.9934,350.0,-2.3342314e-07,9.627569e-09,-8.326939e-07,2.122861e-06,2.2701082e-07,0.05973349,0.043686904,0.1649721,-2.7938117e-07,3.3511208e-07,8.321126e-07,8.152553e-07,349.67688,-2.8454122e-10,0.00029576354,0.052906703,0.06034637,-0.0002767915,0.00036143055,0.16717905,0.5960387,0.00013095535,-5.935629e-11,0.39691538,630.09216,634.7926,629.9271,630.0811,2,2
0.000102864586,1.5708847,2673.5342,2.0200892e-05,1.7840636,2146.4724,4.6339273,0.27770066,618.85223,1009.7796,1009.00714,0.1584782,1011.26196,1008.6681,1008.2476,-4.3551108e-07,1008.66284,5.560012e-07,0.0403373,0.14514783,0.052705202,-1.5558516e-07,2.6423333,2.196234,2.755396,0.15207505,2.3064096,1.7934531,0.44465572,3.276925e-11,5.4496836e-06,1.133353,3.9341518e-05,0.0011021069,0.0,0.0,0.0,0.20341852,0.027713051,-1.2840543e-09,1.43255505e-08,0.0025242683,0.0,0.0,0.0,0.2299893,0.0084790895,9.982359e-10,-8.9849745e-09,5.3360347e-09,0.0,0.0,0.0,2.6121594e-07,1.8246968e-08,3.3266424e-05,0.0004334236,583.43097,350.0,349.8694,0.055404905,0.042803776,1.2435066,0.7458594,0.020686138,1.0027204e-07,3.6693756e-08,2.64631e-07,0.14800806,0.15088686,0.3334111,0.40309224,350.0,0.00027498667,-2.8454122e-10,7.074447e-08,4.904611e-09,425.09152,412.5155,-5.7838076e-08,-1.4503115e-07,-1.185884e-11,0.0003283269,-5.33331e-08,721.922,726.20715,738.9879,750.93024,1,1
361.39804,2.5365963,1281.5464,350.10306,2.2815106,1892.5223,13.62758,2.2622972e-07,0.00019002976,992.8175,994.07184,4.1963324e-07,991.9268,993.42523,994.3451,0.44497445,993.5177,0.15420587,6.939639e-07,-1.4070768e-06,0.32335034,0.12254914,-6.182481e-07,5.875665e-06,-0.00021925224,-3.796532e-09,-1.7493998e-05,-3.9340803e-06,5.7898707,1.8423398e-05,0.9934594,1.301749,22.426676,-4.2556582e-08,0.0,0.0,0.0,-2.0737421e-07,-1.0227022e-08,0.00033044687,0.0013470793,1.1712029e-08,0.0,0.0,0.0,8.247012e-09,-2.8473991e-08,0.00076257536,0.00047241742,0.0024869198,0.0,0.0,0.0,0.059806608,0.008191247,-4.196451e-10,8.409364e-09,572.7963,349.98715,350.0,-2.3342314e-07,9.627569e-09,-8.326939e-07,2.122861e-06,0.005620707,0.04823933,0.03236679,0.08956888,-2.7938117e-07,3.3511208e-07,8.321126e-07,8.152553e-07,349.78473,-2.8454122e-10,0.00013426848,0.028935026,0.029024845,-0.0002767915,0.00036143055,0.09673685,0.27815613,7.368041e-05,-5.935629e-11,0.20543092,664.96277,669.006,659.22766,643.8028,2,2
210.81505,2.3130112,1580.5669,204.22609,2.1642087,1936.9706,7.9488688,2.2622972e-07,0.00019002976,995.6435,996.37524,4.1963324e-07,995.12396,995.99805,996.5347,0.2595668,996.05206,0.089954935,6.939639e-07,-1.4070768e-06,0.18863049,0.071486555,-6.182481e-07,5.875665e-06,-0.00021925224,-3.796532e-09,-1.7493998e-05,-3.9340803e-06,3.3782494,1.0747088e-05,0.5794732,0.7592685,13.082192,-4.2556582e-08,0.0,0.0,0.0,-2.0737421e-07,-1.0227022e-08,0.00019276759,0.00078581215,1.1712029e-08,0.0,0.0,0.0,8.247012e-09,-2.8473991e-08,0.0004448379,0.00027557308,0.0014507228,0.0,0.0,0.0,0.034887098,0.0047784033,-4.196451e-10,8.409364e-09,574.59753,349.9925,350.0,-2.3342314e-07,9.627569e-09,-8.326939e-07,2.122861e-06,0.003278721,0.028138738,0.018881358,0.05224636,-2.7938117e-07,3.3511208e-07,8.321126e-07,8.152553e-07,349.87442,-2.8454122e-10,7.832208e-05,0.016878437,0.016930824,-0.0002767915,0.00036143055,0.05642885,0.16226181,4.2980293e-05,-5.935629e-11,0.11983485,678.39465,680.75354,675.04944,666.05133,2,2
482.75253,4.7664413,1319.6294,529.16016,4.7879076,1794.409,26.015762,2.2622972e-07,0.00019002976,368.4881,399.95285,34.043385,429.3545,368.7477,399.16043,34.359436,429.1786,0.002216895,6.939639e-07,0.15587476,0.84008926,0.2961391,32.41754,59.281685,119.457054,0.13366222,31.331709,60.95825,128.87044,3.276925e-11,0.38652584,3.6381137,26.803751,-4.2556582e-08,0.0,0.0,0.0,-2.0737421e-07,-1.0227022e-08,0.00030251464,0.0020301486,1.1712029e-08,0.0,0.0,0.0,8.247012e-09,0.0035718395,0.0010506968,0.00041248495,0.0012741142,0.0,0.0,0.0,0.16221026,0.0051839533,-4.196451e-10,8.409364e-09,232.23615,108.71835,108.71242,-2.3342314e-07,9.627569e-09,-8.326939e-07,0.3611624,0.06115173,0.14465915,3.6693756e-08,0.09350327,0.005998332,0.04441104,8.321126e-07,8.152553e-07,108.164246,2.6600152e-05,0.0002930236,0.06345589,0.049548153,-0.0002767915,0.00036143055,-5.7838076e-08,-1.4503115e-07,0.00012372601,-5.935629e-11,0.07009501,561.9076,561.723,562.07263,561.919,2,2
448.16757,3.075797,572.8072,448.16116,2.485802,1812.0985,5.93715,2.2622972e-07,0.00019002976,990.4518,990.2498,4.1963324e-07,988.4512,990.4517,990.3362,0.802259,990.6463,0.3285528,0.04516671,-1.4070768e-06,0.16740552,0.18324694,-6.182481e-07,5.875665e-06,-0.00021925224,-3.796532e-09,-1.7493998e-05,-3.9340803e-06,14.863357,3.8826114e-05,2.1120965,2.2692783,41.683266,0.00066729105,0.0,0.0,0.0,-2.0737421e-07,-1.0227022e-08,0.00046852848,0.0022561694,1.1712029e-08,0.0,0.0,0.0,8.247012e-09,-2.8473991e-08,0.0013071905,0.0008581489,0.004177635,0.0,0.0,0.0,0.11563852,0.009320755,-4.196451e-10,8.409364e-09,571.22974,349.99387,350.0,-2.3342314e-07,9.627569e-09,-8.326939e-07,2.122861e-06,2.2701082e-07,0.059987646,0.044065036,0.16853407,-2.7938117e-07,3.3511208e-07,8.321126e-07,8.152553e-07,349.67252,-2.8454122e-10,0.0003038735,0.05403514,0.061894182,-0.0002767915,0.00036143055,0.17040056,0.6118926,0.00013361439,-5.935629e-11,0.40614504,632.09216,635.2267,631.9271,632.0811,2,2
448.16757,2.9934206,120.00055,448.16116,2.7879088,842.3251,22.73256,2.2622972e-07,0.00019002976,265.54822,265.75018,4.1963324e-07,262.42636,265.5483,265.6638,0.74980885,265.35367,5.560012e-07,6.939639e-07,1.8561502,6.273973,0.7564433,-6.182481e-07,5.875665e-06,12.285181,0.25940752,-1.7493998e-05,0.6088828,64.86897,3.276925e-11,2.1515253,6.5463777,89.68253,-4.2556582e-08,0.0,0.0,0.0,-2.0737421e-07,-1.0227022e-08,-1.2840543e-09,0.0022907997,1.1712029e-08,0.0,0.0,0.0,8.247012e-09,0.027281376,0.0040879184,0.001475966,0.0048146895,0.0,0.0,0.0,0.4356139,1.8246968e-08,-4.196451e-10,8.409364e-09,151.97888,213.84474,214.85753,-2.3342314e-07,9.627569e-09,-8.326939e-07,2.122861e-06,0.20644973,0.40852746,3.6693756e-08,2.64631e-07,0.11978217,0.09799037,8.321126e-07,8.152553e-07,213.35703,-2.8454122e-10,4.7827787e-05,0.10841543,0.20825148,2096.9407,2109.5164,-5.7838076e-08,-1.4503115e-07,0.00029843947,-5.935629e-11,0.43526262,525.90784,525.72327,526.07263,525.91876,2,2
63.55186,2.1854115,836.05817,67.141624,2.290002,946.6156,-0.00035018602,2.2622972e-07,0.00019002976,443.86682,443.96994,0.00053447724,444.35425,444.21112,444.17508,0.05400042,444.29416,0.014519294,6.939639e-07,0.07216885,0.2590498,0.08526357,-6.182481e-07,5.875665e-06,2.9358158,0.04461002,-1.7493998e-05,-3.9340803e-06,5.159988,6.0021193e-07,0.25116512,1.0200717,4.2812896,-4.2556582e-08,0.0,0.0,0.0,-2.0737421e-07,-1.0227022e-08,7.434806e-05,0.00041972043,1.1712029e-08,0.0,0.0,0.0,8.247012e-09,0.002795191,0.00015349787,0.00019196268,0.00037786897,0.0,0.0,0.0,0.026698373,0.0010132972,-4.196451e-10,8.409364e-09,256.72495,11.82016,11.815218,-2.3342314e-07,9.627569e-09,-8.326939e-07,0.07692168,0.009709109,0.024438005,3.6693756e-08,0.002110746,-2.7938117e-07,0.03929553,8.321126e-07,8.152553e-07,11.65818,3.7792786e-05,5.4439246e-05,0.014653873,0.0096504735,-0.0002767915,0.00036143055,-5.7838076e-08,0.0020178298,3.1569612e-05,-5.935629e-11,0.04691691,50.23575,55.82703,58.325584,52.637733,2,2
0.000102864586,2.0107136,2641.982,2.0200892e-05,1.2120907,170.2899,60.006485,0.59132504,836.38544,221.45181,221.2498,0.6710629,224.57367,221.4517,221.33623,-4.3551108e-07,221.64633,0.18483408,0.90026164,-1.4070768e-06,1.3450986e-06,-1.5558516e-07,6.3321223,0.9473936,-0.00021925224,-3.796532e-09,2.9280832,-3.9340803e-06,-0.00016848958,1.3389657e-05,0.010366168,2.2696445,3.9341518e-05,0.0022400788,0.0,0.0,0.0,0.954562,0.024511328,0.0010840284,1.43255505e-08,0.004458469,0.0,0.0,0.0,0.3314798,-2.8473991e-08,9.982359e-10,-8.9849745e-09,5.3360347e-09,0.0,0.0,0.0,2.6121594e-07,0.018248338,0.0015090066,0.0016844058,129.19073,350.0,349.93365,0.35815072,0.40861034,3.8113015,0.59224916,2.2701082e-07,1.0027204e-07,0.7542506,0.6549623,0.06728908,3.3511208e-07,2.260308,0.9008721,350.0,0.00018266094,0.00017894403,7.074447e-08,4.904611e-09,425.09396,412.51794,0.5986728,0.028495643,-1.185884e-11,4.6691566e-05,-5.33331e-08,633.36584,630.277,629.9271,630.0811,1,1
0.000102864586,2.0111656,2696.1377,2.0200892e-05,1.2120907,159.65172,62.446426,0.6153543,870.38446,221.45181,221.2498,0.69835323,224.57367,221.4517,221.33623,-4.3551108e-07,221.64633,0.19233759,0.9368446,-1.4070768e-06,1.3450986e-06,-1.5558516e-07,6.5895076,0.98584574,-0.00021925224,-3.796532e-09,3.0471017,-3.9340803e-06,-0.00016848958,1.3934074e-05,0.010762896,2.3619907,3.9341518e-05,0.0023311547,0.0,0.0,0.0,0.9933656,0.025506249,0.001128106,1.43255505e-08,0.004639667,0.0,0.0,0.0,0.34495115,-2.8473991e-08,9.982359e-10,-8.9849745e-09,5.3360347e-09,0.0,0.0,0.0,2.6121594e-07,0.018990893,0.0015703789,0.0017528618,129.19073,350.0,349.93094,0.35815072,0.40861034,3.9662087,0.6163428,2.2701082e-07,1.0027204e-07,0.7542506,0.681587,0.070024215,3.3511208e-07,2.260308,0.9374932,350.0,0.00019009196,0.00018622511,7.074447e-08,4.904611e-09,425.0881,412.51257,0.6230125,0.029651497,-1.185884e-11,4.8588437e-05,0.74862856,630.65686,630.277,629.9271,630.0811,1,1
0.000102864586,1.6882629,318.17145,2.0200892e-05,1.3879721,486.83533,-0.00035018602,0.3093679,16.497261,269.146,266.93314,4.1963324e-07,270.33502,269.63785,268.0574,-4.3551108e-07,270.90845,0.40803584,0.8182914,0.47133878,1.3452924,-1.5558516e-07,2.3227837,4.3328915,7.5893803,0.07155012,2.3312814,1.6344565,14.637771,3.276925e-11,5.4496836e-06,-8.828322e-06,3.9341518e-05,0.0026958159,0.0,0.0,0.0,0.227227,0.02473878,0.00016292057,0.0007620895,0.00063611247,0.0,0.0,0.0,0.10429645,0.012092204,6.9079055e-05,0.0001241922,0.00058404147,0.0,0.0,0.0,0.06789949,1.8246968e-08,-4.196451e-10,0.00096186344,156.445,43.86876,44.289795,-2.3342314e-07,9.627569e-09,0.70283043,0.5062659,2.2701082e-07,1.0027204e-07,3.6693756e-08,2.64631e-07,-2.7938117e-07,0.10183177,8.321126e-07,0.056431632,43.595024,-2.8454122e-10,-2.8454122e-10,0.022717785,0.03939748,256.50412,300.43738,0.16395754,0.3633879,-1.185884e-11,5.9375714e-05,0.3775882,78.22061,65.230354,50.539207,57.73539,1,1
101.47471,2.0917778,422.51227,104.14651,2.179354,611.7982,2.337052,2.2622972e-07,0.00019002976,287.85825,287.96106,4.1963324e-07,288.31314,287.82208,287.86307,0.0542293,288.2433,5.560012e-07,6.939639e-07,0.118082546,0.40622082,0.056939445,-6.182481e-07,5.875665e-06,1.3889409,0.03151345,-1.7493998e-05,-3.9340803e-06,5.064773,3.276925e-11,0.22215816,0.6343906,6.645059,-4.2556582e-08,0.0,0.0,0.0,-2.0737421e-07,-1.0227022e-08,-1.2840543e-09,0.00028873922,1.1712029e-08,0.0,0.0,0.0,8.247012e-09,0.0018663121,0.0002899366,8.2647755e-05,0.00031439002,0.0,0.0,0.0,0.031302713,1.8246968e-08,-4.196451e-10,8.409364e-09,166.37357,138.93149,138.97275,-2.3342314e-07,9.627569e-09,-8.326939e-07,0.02500365,0.01425885,0.030648332,3.6693756e-08,2.64631e-07,0.012785632,0.0065578,8.321126e-07,8.152553e-07,138.82176,-2.8454122e-10,2.1860651e-05,0.017054986,0.014625792,1867.2263,1907.9764,-5.7838076e-08,-1.4503115e-07,2.2921e-05,-5.935629e-11,0.031290002,302.8815,307.94592,310.2133,304.2864,2,2
312.3702,6.189189,2271.9692,320.62308,6.3100157,2406.9897,3.6534584,2.2622972e-07,0.00019002976,361.75595,389.1068,35.09029,434.41617,361.98492,389.1169,35.157448,434.46945,0.013172706,6.939639e-07,0.07956936,0.29486218,0.09145888,42.57132,58.834297,112.77346,0.05566239,42.167736,58.977047,115.81111,4.5050186e-07,0.1922662,1.0129917,6.9829497,-4.2556582e-08,0.0,0.0,0.0,-2.0737421e-07,-1.0227022e-08,6.353727e-05,0.00054706575,1.1712029e-08,0.0,0.0,0.0,8.247012e-09,0.0020169928,0.00033078442,0.00012390908,0.00043362912,0.0,0.0,0.0,0.04896619,0.0011654083,-4.196451e-10,8.409364e-09,231.99815,85.83714,85.84819,-2.3342314e-07,9.627569e-09,-8.326939e-07,0.17260191,0.011382807,0.034957986,3.6693756e-08,2.64631e-07,0.010486323,0.0329021,8.321126e-07,8.152553e-07,85.668495,1.7206832e-05,5.677314e-05,0.018701743,0.015731579,-0.0002767915,0.00036143055,-5.7838076e-08,0.0077856523,3.4718647e-05,-5.935629e-11,0.041662164,317.8793,324.13025,325.96768,319.36893,2,2
49.042095,2.1428585,842.26227,51.22414,2.2215817,929.20935,-0.00035018602,2.2622972e-07,0.00019002976,442.13962,442.21652,0.00014919283,442.50256,442.39502,442.37018,0.03953318,442.4787,0.013496955,6.939639e-07,0.05773022,0.21453992,0.06552132,-6.182481e-07,5.875665e-06,2.3969975,0.03409743,-1.7493998e-05,-3.9340803e-06,4.1023707,4.6388962e-07,0.16884395,0.7944248,3.2225735,-4.2556582e-08,0.0,0.0,0.0,-2.0737421e-07,-1.0227022e-08,5.8508125e-05,0.00032092573,1.1712029e-08,0.0,0.0,0.0,8.247012e-09,0.0022552921,0.0001263107,0.00015345808,0.00029397543,0.0,0.0,0.0,0.021229528,0.0008303109,-4.196451e-10,8.409364e-09,255.62465,12.858017,12.85309,-2.3342314e-07,9.627569e-09,-8.326939e-07,0.06833861,0.0068046935,0.01913033,5.2819023e-06,0.0010636115,-2.7938117e-07,0.03067813,8.321126e-07,8.152553e-07,12.729225,2.607768e-05,3.7944592e-05,0.011365008,0.007941251,-0.0002767915,0.00036143055,-5.7838076e-08,0.0028685073,2.4071882e-05,-5.935629e-11,0.038267083,54.183258,58.225468,60.213524,55.810585,2,2
342.94833,6.232217,2228.0376,351.8311,6.4002833,2419.1438,5.6241617,2.2622972e-07,0.00019002976,361.34216,388.85727,35.083313,434.16577,361.48834,388.71393,35.17716,434.06616,2.3444185e-05,6.939639e-07,0.11429455,0.45109692,0.11639937,41.2742,57.704475,114.689476,0.06561326,40.846172,57.941708,118.27693,3.276925e-11,0.25374386,1.1226718,9.226968,-4.2556582e-08,0.0,0.0,0.0,-2.0737421e-07,-1.0227022e-08,5.6094137e-05,0.0006954515,1.1712029e-08,0.0,0.0,0.0,8.247012e-09,0.002791734,0.0004218305,0.00018379684,0.00052333414,0.0,0.0,0.0,0.0491431,0.0008483115,-4.196451e-10,8.409364e-09,231.84985,98.84143,98.86572,-2.3342314e-07,9.627569e-09,-8.326939e-07,0.301676,0.021292914,0.05267058,3.6693756e-08,0.010529306,0.017595012,0.03951297,8.321126e-07,8.152553e-07,98.63463,1.1743693e-05,8.850144e-05,0.02554698,0.022096878,-0.0002767915,0.00036143055,-5.7838076e-08,-1.4503115e-07,4.526285e-05,-5.935629e-11,0.04362292,425.69937,433.3849,436.75528,427.3411,2,2
0.000102864586,2.0111656,2696.1377,2.0200892e-05,1.2120907,159.65172,62.446426,0.6153543,870.38446,221.45181,221.2498,0.69835323,224.57367,221.4517,221.33623,-4.3551108e-07,221.64633,0.19233759,0.9368446,-1.4070768e-06,1.3450986e-06,-1.5558516e-07,6.5895076,0.98584574,-0.00021925224,-3.796532e-09,3.0471017,-3.9340803e-06,-0.00016848958,1.3934074e-05,0.010762896,2.3619907,3.9341518e-05,0.0023311547,0.0,0.0,0.0,0.99336654,0.025506249,0.001128106,1.43255505e-08,0.004639667,0.0,0.0,0.0,0.34495115,-2.8473991e-08,9.982359e-10,-8.9849745e-09,5.3360347e-09,0.0,0.0,0.0,2.6121594e-07,0.018990893,0.0015703789,0.0017528618,129.19073,350.0,349.93094,0.35815072,0.40861034,3.9662087,0.6163428,2.2701082e-07,1.0027204e-07,0.7542506,0.681587,0.070024215,3.3511208e-07,2.260308,0.9374932,350.0,0.00019009196,0.00018622511,7.074447e-08,4.904611e-09,425.09982,412.5238,0.6230125,0.029651497,-1.185884e-11,4.8588205e-05,0.74862856,630.65686,630.277,629.9271,630.0811,1,1
0.000102864586,0.99999994,4306.137,2.0200892e-05,1.2120907,2543.9631,55.592422,1.1261876,2165.2058,1015.5482,1015.7502,1.4873204,1012.42633,1015.5483,1015.66376,-4.3551108e-07,1015.35364,5.560012e-07,6.939639e-07,0.7863412,1.3450986e-06,0.12816748,7.432922,8.517706,22.496851,1.2318928,10.3327465,24.265743,-0.00016848958,3.276925e-11,0.105504714,17.089346,3.9341518e-05,0.008063989,0.0,0.0,0.0,1.8344419,0.15507601,-1.2840543e-09,1.43255505e-08,0.010390949,0.0,0.0,0.0,0.72387505,0.06047818,9.982359e-10,-8.9849745e-09,5.3360347e-09,0.0,0.0,0.0,2.6121594e-07,1.8246968e-08,-4.196451e-10,0.001685896,584.9916,349.84592,348.74692,0.35815072,0.40087652,4.620368,6.155199,0.20928763,1.0027204e-07,3.6693756e-08,2.64631e-07,0.9982354,1.2860397,2.260308,2.6326568,350.0,0.0011584756,1.6349084e-05,7.074447e-08,4.904611e-09,425.09396,412.51794,-5.7838076e-08,-1.4503115e-07,-1.185884e-11,0.00069867325,-5.33331e-08,769.9076,769.723,770.0729,769.919,1,1
9.845806,2.028244,825.30035,10.63918,2.0439246,842.53455,-0.00035018602,2.2622972e-07,0.00019002976,416.82825,416.84778,4.1963324e-07,416.90915,416.8777,416.87656,0.0077777323,416.89566,0.003704627,6.939639e-07,0.012400174,0.04316846,0.013096177,-6.182481e-07,5.875665e-06,0.49636278,0.006835934,-1.7493998e-05,-3.9340803e-06,0.87995845,1.050976e-07,0.035360064,0.15483737,0.6836331,-4.2556582e-08,0.0,0.0,0.0,-2.0737421e-07,-1.0227022e-08,1.7015842e-05,6.5817854e-05,1.1712029e-08,0.0,0.0,0.0,8.247012e-09,0.00046882167,2.817537e-05,2.8660848e-05,5.9818598e-05,0.0,0.0,0.0,0.004299425,0.00019289888,-4.196451e-10,8.409364e-09,240.72656,36.970856,36.968994,-2.3342314e-07,9.627569e-09,-8.326939e-07,0.017618395,0.0013615971,0.0037103703,3.6693756e-08,9.515523e-05,-2.7938117e-07,0.006870605,8.321126e-07,8.152553e-07,36.944298,4.4728577e-06,7.165311e-06,0.002278041,0.0016617824,71.5217,76.166374,-5.7838076e-08,0.0007704238,4.8000247e-06,-5.935629e-11,0.007652229,151.22769,152.04724,152.39981,151.53862,2,2
63.55186,2.1854115,836.05817,67.141624,2.290002,946.6156,-0.00035018602,2.2622972e-07,0.00019002976,443.86682,443.96994,0.00053447724,444.35425,444.21112,444.17508,0.05400042,444.29416,0.014519294,6.939639e-07,0.07216885,0.2590498,0.08526357,-6.182481e-07,5.875665e-06,2.9358158,0.04461002,-1.7493998e-05,-3.9340803e-06,5.159988,6.0021193e-07,0.25116512,1.0200717,4.2812896,-4.2556582e-08,0.0,0.0,0.0,-2.0737421e-07,-1.0227022e-08,7.434806e-05,0.00041972043,1.1712029e-08,0.0,0.0,0.0,8.247012e-09,0.002795191,0.00015349787,0.00019196268,0.00037786897,0.0,0.0,0.0,0.026698373,0.0010132972,-4.196451e-10,8.409364e-09,256.72495,11.82016,11.815218,-2.3342314e-07,9.627569e-09,-8.326939e-07,0.07692168,0.009709109,0.024438005,3.6693756e-08,0.002110746,-2.7938117e-07,0.03929553,8.321126e-07,8.152553e-07,11.65818,3.7792786e-05,5.4439246e-05,0.014653873,0.0096504735,-0.0002767915,0.00036143055,-5.7838076e-08,0.0020178298,3.1569612e-05,-5.935629e-11,0.04691691,50.23575,55.82703,58.325584,52.637733,2,2
0.000102864586,0.99999994,3935.8887,2.0200892e-05,1.4456627,2445.8823,16.736954,0.8155749,1792.1323,1013.5482,1013.7502,0.46515697,1013.4758,1013.5483,1013.6638,-4.3551108e-07,1013.35364,5.560012e-07,0.012612083,0.2767091,0.025590334,0.017630897,6.6449275,3.3303282,7.2304935,0.43994117,4.590833,7.190914,0.28083736,3.276925e-11,5.4496836e-06,4.995291,3.9341518e-05,0.0026453903,0.0,0.0,0.0,0.6392563,0.08667468,-1.2840543e-09,1.43255505e-08,0.008603257,0.0,0.0,0.0,0.64489555,0.022320839,9.982359e-10,-8.9849745e-09,5.3360347e-09,0.0,0.0,0.0,2.6121594e-07,1.8246968e-08,2.4586496e-05,0.0006570155,583.916,349.9697,349.60947,0.20132709,0.12562563,3.1395676,1.9725745,0.06452535,1.0027204e-07,3.6693756e-08,2.64631e-07,0.33347484,0.45455012,1.3121041,1.295411,350.0,0.0009958807,-2.8454122e-10,7.074447e-08,4.904611e-09,452.96603,440.38953,-5.7838076e-08,-1.4503115e-07,-1.185884e-11,0.00069867325,-5.33331e-08,756.52576,771.723,772.0729,771.91876,1,1
180.16075,1.9866619,120.00055,163.84816,2.2275822,528.29236,-0.00035018602,2.2622972e-07,0.00019002976,231.20944,230.37651,4.1963324e-07,232.70953,230.9757,230.7184,0.07992129,231.92944,5.560012e-07,6.939639e-07,0.40657666,1.2775892,0.10288223,-6.182481e-07,5.875665e-06,3.5808353,0.035286423,-1.7493998e-05,0.40990818,9.827956,3.276925e-11,5.4496836e-06,-8.828322e-06,10.283242,-4.2556582e-08,0.0,0.0,0.0,-2.0737421e-07,-1.0227022e-08,-1.2840543e-09,0.00041480304,1.1712029e-08,0.0,0.0,0.0,8.247012e-09,0.0075089647,0.00072383607,0.00024529392,0.0010840946,0.0,0.0,0.0,0.059357904,1.8246968e-08,-4.196451e-10,8.409364e-09,134.0603,349.76715,350.0,-2.3342314e-07,9.627569e-09,-8.326939e-07,2.122861e-06,0.024731386,0.048418146,3.6693756e-08,2.64631e-07,0.0012843199,0.052114822,8.321126e-07,8.152553e-07,349.68475,-2.8454122e-10,-2.8454122e-10,0.039123964,0.03754187,171.79416,201.26746,-5.7838076e-08,-1.4503115e-07,4.3276803e-05,-5.935629e-11,0.060157724,726.62634,740.9779,742.5624,732.78156,2,2
0.000102864586,2.0004234,529.9156,2.0200892e-05,1.9665949,449.4901,1.9552162,0.019188153,27.195992,229.55072,229.6686,0.021896781,229.34363,229.59251,229.61897,-4.3551108e-07,229.45071,0.0059896307,0.029228905,-1.4070768e-06,1.3450986e-06,-1.5558516e-07,0.20577942,0.030645523,-0.00021925224,-3.796532e-09,0.09507528,-3.9340803e-06,-0.00016848958,4.3589174e-07,0.000417437,0.074270956,3.9341518e-05,7.2734714e-05,0.0,0.0,0.0,0.031057151,0.0007939236,3.5307017e-05,1.43255505e-08,0.00014517883,0.0,0.0,0.0,0.010763892,-2.8473991e-08,9.982359e-10,-8.9849745e-09,5.3360347e-09,0.0,0.0,0.0,2.6121594e-07,0.00059582625,4.9165963e-05,5.468077e-05,132.44803,350.0,349.99786,0.023618465,0.015696535,0.12390053,0.019312121,2.2701082e-07,1.0027204e-07,0.026299037,0.02133539,0.0021893568,3.3511208e-07,0.08845413,0.02929769,350.0,5.9713557e-06,5.842833e-06,7.074447e-08,4.904611e-09,75.988495,61.20544,0.019479694,0.0009153823,-1.185884e-11,1.5093817e-06,-5.33331e-08,697.8314,695.6339,695.3573,696.80524,1,1
448.16757,2.8713627,120.00055,448.16116,2.7879088,807.6083,20.214493,2.2622972e-07,0.00019002976,265.54822,265.75018,4.1963324e-07,262.42636,265.5483,265.6638,0.6575714,265.35367,5.560012e-07,6.939639e-07,1.732039,5.4400344,0.6565421,-6.182481e-07,5.875665e-06,11.069849,0.22832727,-1.7493998e-05,0.56579196,56.55623,3.276925e-11,1.875448,5.652579,78.190956,-4.2556582e-08,0.0,0.0,0.0,-2.0737421e-07,-1.0227022e-08,-1.2840543e-09,0.0020097937,1.1712029e-08,0.0,0.0,0.0,8.247012e-09,0.02370307,0.0035417648,0.001268959,0.004220431,0.0,0.0,0.0,0.37533692,1.8246968e-08,-4.196451e-10,8.409364e-09,151.97888,211.99385,212.87929,-2.3342314e-07,9.627569e-09,-8.326939e-07,2.122861e-06,0.18065451,0.3578454,3.6693756e-08,2.64631e-07,0.1053836,0.08462749,8.321126e-07,8.152553e-07,211.35703,-2.8454122e-10,4.8453636e-05,0.10841543,0.18169236,2120.6218,2133.1975,-5.7838076e-08,-1.4503115e-07,0.00026037404,-5.935629e-11,0.3784904,521.9076,521.72327,522.07263,521.919,2,2
0.000102864586,1.8747902,711.22516,2.0200892e-05,1.7863848,501.76843,-0.00035018602,0.11684631,145.25995,272.27615,272.0437,0.03171963,271.7383,272.2679,272.17093,-4.3551108e-07,271.85123,0.018837532,0.07113717,-1.4070768e-06,1.3450986e-06,-1.5558516e-07,0.96380556,0.75494975,-0.00021925224,-3.796532e-09,0.76228106,0.25390232,-0.00016848958,1.266515e-06,5.4496836e-06,-8.828322e-06,3.9341518e-05,0.0003408364,0.0,0.0,0.0,0.11267546,0.005018701,2.7938393e-05,1.43255505e-08,0.00033799984,0.0,0.0,0.0,0.045727022,-2.8473991e-08,9.982359e-10,-8.9849745e-09,5.3360347e-09,0.0,0.0,0.0,2.6121594e-07,1.8246968e-08,9.0702946e-05,0.00027240164,156.96945,151.06236,151.02377,0.059737924,0.037755024,0.43554604,2.122861e-06,2.2701082e-07,1.0027204e-07,0.05074457,0.020222452,-2.7938117e-07,3.3511208e-07,0.17197502,0.068009235,151.19096,1.1642179e-05,-2.8454122e-10,7.074447e-08,4.904611e-09,2394.8108,2348.8958,0.0614509,0.011321876,-1.185884e-11,1.4271994e-05,-5.33331e-08,301.8002,295.71838,292.3217,299.7991,1,1
0.000102864586,0.99999994,4306.137,2.0200892e-05,1.2120907,2543.9631,55.592422,1.1261876,2165.2058,1015.5482,1015.7502,1.4873204,1012.42633,1015.5483,1015.66376,-4.3551108e-07,1015.35364,5.560012e-07,6.939639e-07,0.7863412,1.3450986e-06,0.12816748,7.432922,8.517706,22.496851,1.2318928,10.3327465,24.265743,-0.00016848958,3.276925e-11,0.105504714,17.089346,3.9341518e-05,0.008063989,0.0,0.0,0.0,1.8344419,0.15507601,-1.2840543e-09,1.43255505e-08,0.010390949,0.0,0.0,0.0,0.72387505,0.06047818,9.982359e-10,-8.9849745e-09,5.3360347e-09,0.0,0.0,0.0,2.6121594e-07,1.8246968e-08,-4.196451e-10,0.001685896,584.9916,349.84592,348.74692,0.35815072,0.40087652,4.620368,6.155199,0.20928763,1.0027204e-07,3.6693756e-08,2.64631e-07,0.9982354,1.2860397,2.260308,2.6326568,350.0,0.0011584756,1.6349084e-05,7.074447e-08,4.904611e-09,425.09396,412.51794,-5.7838076e-08,-1.4503115e-07,-1.185884e-11,0.00069867325,-5.33331e-08,769.9076,769.723,770.0729,769.919,1,1
307.3502,4.358881,1355.2222,322.75247,4.5538597,1676.4008,5.756486,2.2622972e-07,0.00019002976,369.3545,389.5539,22.480375,409.6557,369.80423,389.5041,22.62518,409.6437,0.013771613,6.939639e-07,0.20565656,0.74685806,0.17961988,33.651398,60.436775,112.918724,0.10741543,33.07606,60.821285,119.71004,1.04166276e-07,0.3103082,1.713126,14.168374,-4.2556582e-08,0.0,0.0,0.0,-2.0737421e-07,-1.0227022e-08,0.000100670964,0.0010474169,1.1712029e-08,0.0,0.0,0.0,8.247012e-09,0.0049626543,0.0007107789,0.00030071134,0.0009790414,0.0,0.0,0.0,0.08167007,0.0014476959,-4.196451e-10,8.409364e-09,225.99272,88.671936,88.74054,-2.3342314e-07,9.627569e-09,-8.326939e-07,0.29937956,0.024792183,0.074140646,3.6693756e-08,2.64631e-07,0.015507419,0.06375346,8.321126e-07,8.152553e-07,88.346886,1.64031e-05,0.000105512045,0.03777225,0.0337472,-0.0002767915,0.00036143055,-5.7838076e-08,0.006431435,6.560642e-05,-5.935629e-11,0.08604426,400.78287,412.75867,416.51627,404.07938,2,2
0.000102864586,1.5708847,2673.5342,2.0200892e-05,1.7840636,2146.4724,4.6339273,0.27770066,618.85223,1009.7796,1009.00714,0.1584782,1011.26196,1008.6681,1008.2476,-4.3551108e-07,1008.66284,5.560012e-07,0.0403373,0.14514783,0.052705202,-1.5558516e-07,2.6423333,2.196234,2.755396,0.15207505,2.3064096,1.7934531,0.44465572,3.276925e-11,5.4496836e-06,1.133353,3.9341518e-05,0.0011021069,0.0,0.0,0.0,0.20341852,0.027713051,-1.2840543e-09,1.43255505e-08,0.0025242683,0.0,0.0,0.0,0.2299893,0.0084790895,9.982359e-10,-8.9849745e-09,5.3360347e-09,0.0,0.0,0.0,2.6121594e-07,1.8246968e-08,3.3266424e-05,0.0004334236,583.43097,350.0,349.8694,0.055404905,0.042803776,1.2435066,0.7458594,0.020686138,1.0027204e-07,3.6693756e-08,2.64631e-07,0.14800806,0.15088686,0.3334111,0.40309224,350.0,0.00027498667,-2.8454122e-10,7.074447e-08,4.904611e-09,425.0881,412.51257,-5.7838076e-08,-1.4503115e-07,-1.185884e-11,0.0003283269,-5.33331e-08,721.922,726.20715,738.9879,750.93024,1,1
537.5895,10.198732,4108.5234,542.834,10.330867,4235.682,2.3043373,2.2622972e-07,0.00019002976,370.4711,415.1838,25.801294,442.24536,370.74448,415.26895,25.860798,442.2592,0.0052839117,6.939639e-07,0.08648922,0.38676587,0.10024103,47.950073,57.52381,114.40041,0.059780356,47.52647,57.44372,118.06917,7.915405e-07,0.1951501,1.1312168,6.4914947,-4.2556582e-08,0.0,0.0,0.0,-2.0737421e-07,-1.0227022e-08,7.5257034e-05,0.0005925441,1.1712029e-08,0.0,0.0,0.0,8.247012e-09,0.0024094298,0.00034643064,0.00012575682,0.0004513317,0.0,0.0,0.0,0.042817377,0.0016640608,-4.196451e-10,8.409364e-09,236.82483,83.817505,83.85268,-2.3342314e-07,9.627569e-09,-8.326939e-07,0.23278257,0.012711991,0.037467103,3.6693756e-08,2.64631e-07,0.007296283,0.043960907,8.321126e-07,8.152553e-07,83.64701,3.0819974e-05,5.0693467e-05,0.020191383,0.017049318,-0.0002767915,0.00036143055,-5.7838076e-08,-1.4503115e-07,3.6180474e-05,-5.935629e-11,0.042926736,324.03458,330.65588,332.64786,325.5286,2,2
0.000102864586,1.7623215,1278.5327,2.0200892e-05,1.4900191,873.8275,-0.00035018602,0.5081928,476.73407,478.64786,478.9386,0.51940197,478.98282,478.7283,478.58246,-4.3551108e-07,478.1512,0.2684866,0.8169334,-1.4070768e-06,1.3450986e-06,-1.5558516e-07,4.390228,3.8322203,6.601343,-3.796532e-09,4.9316535,-3.9340803e-06,-0.00016848958,2.8355607e-06,5.4496836e-06,0.16893649,3.9341518e-05,0.0036862066,0.0,0.0,0.0,0.43589,0.020417204,0.00030842295,1.43255505e-08,0.0013987838,0.0,0.0,0.0,0.18185093,-2.8473991e-08,9.982359e-10,6.367858e-05,5.3360347e-09,0.0,0.0,0.0,2.6121594e-07,1.8246968e-08,0.00037342642,0.00063877646,275.60873,348.90787,348.99292,0.16561007,0.11936999,1.9509498,0.8810675,2.2701082e-07,1.0027204e-07,0.13548806,0.051898267,0.1325862,0.071457244,0.4891175,0.17237936,350.0,0.9998385,0.999924,7.074447e-08,4.904611e-09,501.7712,489.19568,0.08697885,0.04195008,-1.185884e-11,0.00010802521,-5.33331e-08,714.6134,772.93445,687.2623,795.0689,1,1
0.000102864586,1.8521957,1165.1333,2.0200892e-05,1.6896374,912.9916,-0.00035018602,0.30400062,290.14227,481.15265,481.3353,0.3137173,481.35034,481.22055,481.13382,-4.3551108e-07,480.8578,0.15848596,0.48688576,-1.4070768e-06,1.3450986e-06,-1.5558516e-07,2.6867058,2.376959,4.305933,-3.796532e-09,2.987867,-3.9340803e-06,-0.00016848958,1.5202422e-06,5.4496836e-06,0.10454439,3.9341518e-05,0.0023166111,0.0,0.0,0.0,0.26951292,0.012189378,0.00019083789,1.43255505e-08,0.00088850834,0.0,0.0,0.0,0.11213852,-2.8473991e-08,9.982359e-10,6.695683e-05,5.3360347e-09,0.0,0.0,0.0,2.6121594e-07,1.8246968e-08,0.00023532803,0.00037371463,277.38998,348.93887,348.9967,0.101204164,0.071621425,1.1784431,0.5386679,2.2701082e-07,1.0027204e-07,0.08070091,0.029684331,0.081563674,0.044370987,0.29292762,0.10727773,350.0,0.99990326,0.9999523,7.074447e-08,4.904611e-09,526.42255,513.84656,0.051971376,0.020969246,-1.185884e-11,6.7383226e-05,0.9974155,731.8436,811.52625,715.431,824.5013,1,1
212.83263,12.134575,6261.9155,212.83888,13.212091,5240.0366,2.587052,1.1261876,2111.4978,377.45178,415.39267,26.918934,449.35663,377.4517,415.4791,26.033491,448.6463,5.560012e-07,0.7341316,-1.4070768e-06,1.3450986e-06,-1.5558516e-07,58.279053,61.9878,65.40212,-3.796532e-09,61.178905,64.10369,41.210526,3.276925e-11,5.4496836e-06,-8.828322e-06,3.9341518e-05,0.0062686973,0.0,0.0,0.0,1.8344419,0.046634186,-1.2840543e-09,1.43255505e-08,0.005538535,0.0,0.0,0.0,0.72387505,-2.8473991e-08,9.982359e-10,-8.9849745e-09,5.3360347e-09,0.0,0.0,0.0,2.6121594e-07,1.8246968e-08,0.0015208158,0.004218095,238.57939,70.4964,70.47121,0.35815072,0.30651093,3.7667038,2.122861e-06,2.2701082e-07,1.0027204e-07,3.6693756e-08,2.64631e-07,0.0011450835,3.3511208e-07,2.260308,8.152553e-07,70.64298,-2.8454122e-10,-2.8454122e-10,7.074447e-08,4.904611e-09,560.40106,547.82556,0.24163812,-1.4503115e-07,-1.185884e-11,0.00020644342,-5.33331e-08,248.0922,248.27698,247.92715,248.0811,1,1
426.1158,2.6314068,1087.773,407.44437,2.339495,1852.1901,17.846817,2.2622972e-07,0.00019002976,987.6696,989.1177,4.1963324e-07,986.48975,988.4414,989.33624,0.5909973,988.3764,0.1803251,6.939639e-07,-1.4070768e-06,0.22934094,0.12746605,-6.182481e-07,5.875665e-06,-0.00021925224,-3.796532e-09,-1.7493998e-05,-3.9340803e-06,4.422439,2.3270175e-05,1.1367853,1.4711215,26.298258,-4.2556582e-08,0.0,0.0,0.0,-2.0737421e-07,-1.0227022e-08,0.00041422865,0.0013559306,1.1712029e-08,0.0,0.0,0.0,8.247012e-09,-2.8473991e-08,0.0007963675,0.0005387574,0.0031845921,0.0,0.0,0.0,0.07797601,0.010383267,1.649144e-05,8.409364e-09,569.641,289.06866,289.29272,-2.3342314e-07,9.627569e-09,-8.326939e-07,2.122861e-06,2.2701082e-07,0.05134211,0.03677372,0.10929039,-2.7938117e-07,3.3511208e-07,8.321126e-07,8.152553e-07,288.87866,-2.8454122e-10,0.00014730141,0.032213043,0.03083635,-0.0002767915,0.00036143055,0.10882753,0.31769547,8.836434e-05,-5.935629e-11,0.21940035,530.23035,535.3976,522.1127,508.0811,2,2
557.1671,5.1394405,1160.2397,557.16113,4.7879076,1910.7474,24.235977,2.2622972e-07,0.00019002976,366.94336,401.33377,36.292248,432.34262,366.8543,399.95044,36.805103,432.05255,0.010082801,6.939639e-07,0.2423425,0.94709915,0.37910637,31.323944,57.045174,116.780785,0.1918683,29.116743,62.3316,141.78426,3.276925e-11,0.7231347,5.27294,39.671425,-4.2556582e-08,0.0,0.0,0.0,-2.0737421e-07,-1.0227022e-08,0.00033677986,0.002698138,1.1712029e-08,0.0,0.0,0.0,8.247012e-09,0.0049911453,0.0012355048,0.00043987329,0.0011876279,0.0,0.0,0.0,0.22125557,0.0056876126,-4.196451e-10,8.409364e-09,233.19542,115.68771,115.45534,-2.3342314e-07,9.627569e-09,-8.326939e-07,0.49520323,0.08469914,0.18339263,3.6693756e-08,0.1684244,-2.7938117e-07,0.0097125545,8.321126e-07,0.06415639,114.91684,4.1763014e-05,0.00045797107,0.091920085,0.07134438,-0.0002767915,0.00036143055,-5.7838076e-08,0.03500733,0.00017592397,-5.935629e-11,0.070997186,595.90784,595.723,596.0729,595.91876,2,2
155.16612,4.078186,1496.9585,158.27248,4.124358,1591.0719,0.97767717,2.2622972e-07,0.00019002976,371.2867,390.914,22.504423,410.60657,371.3928,390.91534,22.536276,410.61337,0.0006986456,6.939639e-07,0.05878689,0.21415845,0.04332503,35.17935,61.50141,108.389915,0.025591131,35.081524,61.544308,110.44197,3.276925e-11,0.06850215,0.37785983,3.1935208,-4.2556582e-08,0.0,0.0,0.0,-2.0737421e-07,-1.0227022e-08,1.1971799e-05,0.00025229098,1.1712029e-08,0.0,0.0,0.0,8.247012e-09,0.0014539672,0.00018495422,7.896717e-05,0.0002486759,0.0,0.0,0.0,0.018768094,0.00012876428,-4.196451e-10,8.409364e-09,226.41345,67.90903,67.94066,-2.3342314e-07,9.627569e-09,-8.326939e-07,0.06982634,0.00535034,0.016954046,3.6693756e-08,2.64631e-07,0.001579959,0.018141128,8.321126e-07,8.152553e-07,67.8334,-2.8454122e-10,1.9302308e-05,0.009456109,0.008850579,-0.0002767915,0.00036143055,-5.7838076e-08,5.7075427e-05,1.549056e-05,-5.935629e-11,0.024705833,232.11002,235.39832,235.9274,233.14458,2,2
124.131935,2.3636074,774.29645,132.5005,2.5554945,969.72253,-0.00035018602,2.2622972e-07,0.00019002976,428.8956,429.18726,4.1963324e-07,429.86142,429.51193,429.54565,0.091916606,429.7393,0.04126795,6.939639e-07,0.14603665,0.5478987,0.16639242,-6.182481e-07,5.875665e-06,6.114771,0.08514284,-1.7493998e-05,-3.9340803e-06,11.284011,1.445329e-06,0.42769405,2.1171176,8.488076,-4.2556582e-08,0.0,0.0,0.0,-2.0737421e-07,-1.0227022e-08,0.00022399297,0.00085376145,1.1712029e-08,0.0,0.0,0.0,8.247012e-09,0.0058370545,0.00035528938,0.0003745764,0.000747686,0.0,0.0,0.0,0.05911567,0.0028207484,-4.196451e-10,8.409364e-09,248.52672,44.64244,44.627716,-2.3342314e-07,9.627569e-09,-8.326939e-07,0.23711607,0.017900456,0.04734383,0.0030451189,0.012206342,-2.7938117e-07,0.0861095,8.321126e-07,8.152553e-07,43.30213,6.7754365e-05,9.348308e-05,0.028186869,0.019614225,-0.0002767915,0.00036143055,-5.7838076e-08,0.006454323,5.9892645e-05,-5.935629e-11,0.096313424,263.4738,273.6974,278.21036,267.54715,2,2
0.000102864586,4.134575,2870.142,2.0200892e-05,5.2120914,1838.037,0.42103654,0.9794266,1532.0293,368.45178,395.2498,35.131996,439.097,368.4517,394.77692,34.444096,439.64102,5.560012e-07,0.49121162,-1.4070768e-06,1.3450986e-06,-1.5558516e-07,50.832916,65.20844,81.45852,-3.796532e-09,53.73277,65.49889,62.77693,3.276925e-11,5.4496836e-06,-8.828322e-06,3.9341518e-05,0.0036497882,0.0,0.0,0.0,1.7670352,0.03814696,-1.2840543e-09,1.43255505e-08,0.0040246067,0.0,0.0,0.0,0.707978,-2.8473991e-08,9.982359e-10,-8.9849745e-09,5.3360347e-09,0.0,0.0,0.0,2.6121594e-07,1.8246968e-08,0.0009426899,0.00295321,233.60188,56.313644,56.471222,0.35815072,0.22200252,2.7111542,2.122861e-06,2.2701082e-07,1.0027204e-07,0.0014639267,2.64631e-07,0.0047108717,3.3511208e-07,1.5939454,0.073979236,56.642982,-2.8454122e-10,-2.8454122e-10,7.074447e-08,4.904611e-09,564.90106,552.3251,0.2021522,-1.4503115e-07,-1.185884e-11,0.00017754867,-5.33331e-08,186.09244,186.27673,185.92715,186.0811,1,1
0.000102864586,1.6077404,1479.5767,2.0200892e-05,1.2120907,811.92957,-0.00035018602,0.83917546,786.5622,474.4518,474.2498,0.8574833,475.58688,474.4517,474.33624,-4.3551108e-07,474.22272,0.443379,1.3490455,-1.4070768e-06,1.3450986e-06,-1.5558516e-07,7.246673,6.3194637,10.845484,-3.796532e-09,8.141249,-3.9340803e-06,-0.00016848958,4.6669484e-06,5.4496836e-06,0.27635837,3.9341518e-05,0.0060862475,0.0,0.0,0.0,0.7197216,0.033715952,0.00051022193,1.43255505e-08,0.0023100493,0.0,0.0,0.0,0.30011964,-2.8473991e-08,9.982359e-10,0.00010397132,5.3360347e-09,0.0,0.0,0.0,2.6121594e-07,1.8246968e-08,0.0006184872,0.0010533864,273.04156,348.84814,348.98746,0.27380347,0.19732048,3.220237,1.4575217,2.2701082e-07,1.0027204e-07,0.22444251,0.08613089,0.21850844,0.11706195,0.80879295,0.28364262,350.0,0.9997333,0.99987453,7.074447e-08,4.904611e-09,514.1716,501.59558,0.14396662,0.070171215,-1.185884e-11,0.00017772854,-5.33331e-08,691.43835,736.27673,659.9271,758.20123,1,1
274.9127,4.332328,1471.5034,289.60648,4.5764027,1730.1605,5.6583414,2.2622972e-07,0.00019002976,369.3784,399.4945,34.06903,429.74725,369.92853,399.60596,34.183918,429.80927,0.020001015,6.939639e-07,0.1611009,0.6499495,0.1742092,34.46225,61.703865,115.127464,0.10663604,33.693523,61.620663,120.975174,9.1575566e-07,0.43094417,1.7924106,11.798501,-4.2556582e-08,0.0,0.0,0.0,-2.0737421e-07,-1.0227022e-08,0.0001249375,0.0010152602,1.1712029e-08,0.0,0.0,0.0,8.247012e-09,0.0042005493,0.0006286139,0.00025322134,0.00083524524,0.0,0.0,0.0,0.073673986,0.002694625,-4.196451e-10,8.409364e-09,232.59955,76.65076,76.715195,-2.3342314e-07,9.627569e-09,-8.326939e-07,0.40625212,0.020914543,0.06184874,3.6693756e-08,2.64631e-07,0.013856608,0.076788284,8.321126e-07,8.152553e-07,76.35944,3.6547608e-05,8.753193e-05,0.035597276,0.030342823,-0.0002767915,0.00036143055,-5.7838076e-08,0.0058172685,6.387125e-05,-5.935629e-11,0.08189387,300.2206,311.62976,314.83975,302.51126,2,2
448.16757,2.9649553,716.4195,448.16116,2.4446404,1826.3898,7.746232,2.2622972e-07,0.00019002976,990.3637,990.2498,4.1963324e-07,988.14215,990.4517,990.3362,0.72976834,990.6463,0.2925001,0.035401084,-1.4070768e-06,0.20457593,0.17143425,-6.182481e-07,5.875665e-06,-0.00021925224,-3.796532e-09,-1.7493998e-05,-3.9340803e-06,12.96321,3.461153e-05,1.8808343,2.0740879,37.75956,0.0005230478,0.0,0.0,0.0,-2.0737421e-07,-1.0227022e-08,0.00044221303,0.0020740177,1.1712029e-08,0.0,0.0,0.0,8.247012e-09,-2.8473991e-08,0.0011975962,0.0007797986,0.0038386935,0.0,0.0,0.0,0.104204915,0.009164233,-4.196451e-10,8.409364e-09,570.9573,349.99228,350.0,-2.3342314e-07,9.627569e-09,-8.326939e-07,2.122861e-06,0.0007417088,0.057964426,0.04188112,0.15241888,-2.7938117e-07,3.3511208e-07,8.321126e-07,8.152553e-07,349.6945,-2.8454122e-10,0.00026863784,0.04891808,0.055097822,-0.0002767915,0.00036143055,0.15550417,0.5427054,0.000121443634,-5.935629e-11,1.3649464,633.6437,642.1771,631.9271,632.0811,2,2
0.000102864586,1.8268013,842.97125,2.0200892e-05,1.7130339,816.2709,-0.00035018602,0.10350822,92.69013,431.30994,430.91815,4.1963324e-07,431.18005,431.20227,430.90277,-4.3551108e-07,431.3746,0.05136164,0.16603921,0.034086727,0.075288214,-1.5558516e-07,0.9771112,0.8657896,-0.00021925224,-3.796532e-09,1.0435311,0.46294773,-0.00016848958,3.276925e-11,5.4496836e-06,-8.828322e-06,3.9341518e-05,0.0007656387,0.0,0.0,0.0,0.15834025,0.005188455,-1.2840543e-09,1.43255505e-08,0.00035617925,0.0,0.0,0.0,0.060864933,-2.8473991e-08,9.982359e-10,-8.9849745e-09,5.3360347e-09,0.0,0.0,0.0,2.6121594e-07,1.8246968e-08,-4.196451e-10,0.00036344773,248.86903,9.929871,10.026979,0.010406737,0.0066213706,0.27426064,2.122861e-06,2.2701082e-07,1.0027204e-07,3.6693756e-08,2.64631e-07,-2.7938117e-07,3.3511208e-07,0.02564895,0.0035217807,10.000938,-2.8454122e-10,-2.8454122e-10,7.074447e-08,0.0013775874,273.04562,265.6537,0.03281015,0.056255195,-1.185884e-11,1.8236167e-05,0.032073922,27.709867,22.6637,18.60293,23.17997,1,1
0.000102864586,1.5708847,2673.5342,2.0200892e-05,1.7840636,2146.4724,4.6339273,0.27770066,618.85223,1009.7796,1009.00714,0.1584782,1011.26196,1008.6681,1008.2476,-4.3551108e-07,1008.66284,5.560012e-07,0.0403373,0.14514783,0.052705202,-1.5558516e-07,2.6423333,2.196234,2.755396,0.15207505,2.3064096,1.7934531,0.44465572,3.276925e-11,5.4496836e-06,1.133353,3.9341518e-05,0.0011021069,0.0,0.0,0.0,0.20341852,0.027713051,-1.2840543e-09,1.43255505e-08,0.0025242683,0.0,0.0,0.0,0.2299893,0.0084790895,9.982359e-10,-8.9849745e-09,5.3360347e-09,0.0,0.0,0.0,2.6121594e-07,1.8246968e-08,3.3266424e-05,0.0004334236,583.43097,350.0,349.8694,0.055404905,0.042803776,1.2435066,0.7458594,0.020686138,1.0027204e-07,3.6693756e-08,2.64631e-07,0.14800806,0.15088686,0.3334111,0.40309224,350.0,0.00027498667,-2.8454122e-10,7.074447e-08,4.904611e-09,425.09738,412.52136,-5.7838076e-08,-1.4503115e-07,-1.185884e-11,0.0003283269,-5.33331e-08,721.922,726.20715,738.9879,750.93024,1,1
286.108,2.4248028,1431.0591,277.16605,2.2228596,1914.7467,10.788224,2.2622972e-07,0.00019002976,994.23047,995.2235,4.1963324e-07,993.5254,994.7116,995.4399,0.3522716,994.78485,0.122082315,6.939639e-07,-1.4070768e-06,0.2559828,0.09701856,-6.182481e-07,5.875665e-06,-0.00021925224,-3.796532e-09,-1.7493998e-05,-3.9340803e-06,4.5845485,1.4585126e-05,0.7864434,1.0305088,17.754435,-4.2556582e-08,0.0,0.0,0.0,-2.0737421e-07,-1.0227022e-08,0.00026161096,0.0010664308,1.1712029e-08,0.0,0.0,0.0,8.247012e-09,-2.8473991e-08,0.0006037178,0.00037399525,0.0019688064,0.0,0.0,0.0,0.047346376,0.0064848843,-4.196451e-10,8.409364e-09,573.6969,349.98984,350.0,-2.3342314e-07,9.627569e-09,-8.326939e-07,2.122861e-06,0.0044493563,0.03818951,0.025623359,0.07090643,-2.7938117e-07,3.3511208e-07,8.321126e-07,8.152553e-07,349.82956,-2.8454122e-10,0.00010629529,0.022906732,0.02297855,-0.0002767915,0.00036143055,0.0765838,0.22020707,5.833035e-05,-5.935629e-11,0.16263384,670.6786,673.87976,666.13855,653.92706,2,2
270.5743,2.2116756,120.00055,278.67288,2.390713,611.6156,4.636857,2.2622972e-07,0.00019002976,267.7971,267.7909,4.1963324e-07,269.09366,267.60117,267.66843,0.13903765,268.63245,5.560012e-07,6.939639e-07,0.3419595,1.0594038,0.13205633,-6.182481e-07,5.875665e-06,2.224146,0.053223606,-1.7493998e-05,-3.9340803e-06,12.588454,3.276925e-11,0.39023373,1.0792758,16.738932,-4.2556582e-08,0.0,0.0,0.0,-2.0737421e-07,-1.0227022e-08,-1.2840543e-09,0.00045384408,1.1712029e-08,0.0,0.0,0.0,8.247012e-09,0.0048848107,0.00068388233,0.00019381043,0.0008177513,0.0,0.0,0.0,0.0726402,1.8246968e-08,-4.196451e-10,8.409364e-09,155.03949,171.77724,171.9574,-2.3342314e-07,9.627569e-09,-8.326939e-07,2.122861e-06,0.038773526,0.08048544,3.6693756e-08,2.64631e-07,0.023720462,0.014915802,8.321126e-07,8.152553e-07,171.57962,-2.8454122e-10,3.5896614e-05,0.045072984,0.03871203,2483.4583,2496.0334,-5.7838076e-08,-1.4503115e-07,5.6866545e-05,-5.935629e-11,0.083406396,390.36246,404.4447,408.87515,394.53445,2,2
0.000102864586,1.7679882,371.5689,2.0200892e-05,1.5438435,501.29675,-0.00035018602,0.23087619,9.816108,269.58423,267.9248,4.1963324e-07,270.4899,269.9588,268.76932,-4.3551108e-07,270.92117,0.30706462,0.6149223,0.3562608,1.0178999,-1.5558516e-07,1.7315363,3.2471983,5.7632084,0.05458879,1.7332588,1.2155722,11.103347,3.276925e-11,5.4496836e-06,-8.828322e-06,3.9341518e-05,0.002021151,0.0,0.0,0.0,0.1689575,0.018530121,0.00012262037,0.00058047415,0.000471097,0.0,0.0,0.0,0.07725955,0.00914392,5.701284e-05,9.634192e-05,0.0004476958,0.0,0.0,0.0,0.051512025,1.8246968e-08,-4.196451e-10,0.0007185573,156.44315,43.1465,43.46411,-2.3342314e-07,9.627569e-09,0.5231544,0.38264677,2.2701082e-07,1.0027204e-07,3.6693756e-08,2.64631e-07,-2.7938117e-07,0.07727847,8.321126e-07,0.04184423,42.93801,-2.8454122e-10,-2.8454122e-10,0.017386746,0.029896026,188.94211,222.64197,0.12250131,0.27322754,-1.185884e-11,4.4416578e-05,0.28483194,79.52725,69.851204,58.814598,64.14091,1,1
448.16757,3.075797,572.8072,448.16116,2.485802,1812.0985,5.93715,2.2622972e-07,0.00019002976,990.4518,990.2498,4.1963324e-07,988.4512,990.4517,990.3362,0.802259,990.6463,0.3285528,0.04516671,-1.4070768e-06,0.16740552,0.18324694,-6.182481e-07,5.875665e-06,-0.00021925224,-3.796532e-09,-1.7493998e-05,-3.9340803e-06,14.863357,3.8826114e-05,2.1120965,2.2692783,41.683266,0.00066729105,0.0,0.0,0.0,-2.0737421e-07,-1.0227022e-08,0.00046852848,0.0022561694,1.1712029e-08,0.0,0.0,0.0,8.247012e-09,-2.8473991e-08,0.0013071905,0.0008581489,0.004177635,0.0,0.0,0.0,0.11563852,0.009320755,-4.196451e-10,8.409364e-09,571.22974,349.99387,350.0,-2.3342314e-07,9.627569e-09,-8.326939e-07,2.122861e-06,2.2701082e-07,0.059987646,0.044065036,0.16853407,-2.7938117e-07,3.3511208e-07,8.321126e-07,8.152553e-07,349.67252,-2.8454122e-10,0.0003038735,0.05403514,0.061894182,-0.0002767915,0.00036143055,0.17040056,0.6118926,0.00013361439,-5.935629e-11,0.40614504,632.09216,635.2267,631.9271,632.0811,2,2
0.000102864586,1.7967758,2321.7437,2.0200892e-05,1.8976119,2073.6467,2.072892,0.13182376,290.83075,1007.5042,1007.13354,0.07226986,1008.1834,1006.9958,1006.78876,-4.3551108e-07,1006.9905,5.560012e-07,0.018875817,0.066805385,0.023576174,-1.5558516e-07,1.2547601,1.0665952,1.2326909,0.069855444,1.0956856,0.85711277,0.19880612,3.276925e-11,5.4496836e-06,0.50774264,3.9341518e-05,0.0004961661,0.0,0.0,0.0,0.09650782,0.013088931,-1.2840543e-09,1.43255505e-08,0.0011776207,0.0,0.0,0.0,0.108241566,0.0038953735,9.982359e-10,-8.9849745e-09,5.3360347e-09,0.0,0.0,0.0,2.6121594e-07,1.8246968e-08,1.5111221e-05,0.0002039308,581.88586,350.0,349.9378,0.02657724,0.020451555,0.58292305,0.3515875,0.009260643,1.0027204e-07,3.6693756e-08,2.64631e-07,0.06952544,0.07143054,0.15301788,0.18752752,350.0,0.00012909033,-2.8454122e-10,7.074447e-08,4.904611e-09,416.11154,387.04187,-5.7838076e-08,-1.4503115e-07,-1.185884e-11,0.00015391147,-5.33331e-08,710.60583,712.41833,718.32874,723.9688,1,1
170.11095,2.9778862,1378.4663,173.25978,2.7879088,1635.5336,-0.00035018602,2.2622972e-07,0.00019002976,817.2965,817.74023,4.1963324e-07,816.5803,819.8142,818.81354,0.40966752,816.74286,0.17780359,6.939639e-07,-1.4070768e-06,1.3450986e-06,0.23379144,-6.182481e-07,5.875665e-06,-0.00021925224,-3.796532e-09,-1.7493998e-05,-3.9340803e-06,5.4351344,2.337297e-05,1.6837823,4.40618,18.975138,-4.2556582e-08,0.0,0.0,0.0,-2.0737421e-07,-1.0227022e-08,0.0006072434,0.0019403243,1.1712029e-08,0.0,0.0,0.0,8.247012e-09,0.0037109568,9.982359e-10,0.0012311697,0.0019229406,0.0,0.0,0.0,0.044168256,0.013733167,-4.196451e-10,8.409364e-09,471.6555,70.76836,70.45236,-2.3342314e-07,9.627569e-09,-8.326939e-07,2.122861e-06,2.2701082e-07,0.011950117,0.26418546,0.22996214,-2.7938117e-07,0.0065997615,8.321126e-07,8.152553e-07,70.18093,4.3881073e-06,0.000378465,0.017912578,4.904611e-09,-0.0002767915,0.00036143055,0.09530252,0.23492798,0.00012808018,-5.935629e-11,0.14363092,196.30997,202.6925,212.07266,197.10918,2,2
83.560646,2.255907,848.40875,88.25637,2.3874352,979.91736,-0.00035018602,2.2622972e-07,0.00019002976,450.5678,450.6931,0.013153496,451.22574,450.93488,450.97513,0.089450404,451.04617,0.015259345,6.939639e-07,0.07895138,0.28505078,0.11839803,-6.182481e-07,5.875665e-06,4.5808353,0.06629013,-1.7493998e-05,-3.9340803e-06,6.5606227,8.8991146e-07,0.4022424,1.4674594,5.7705474,-4.2556582e-08,0.0,0.0,0.0,-2.0737421e-07,-1.0227022e-08,8.140376e-05,0.0005478108,1.1712029e-08,0.0,0.0,0.0,8.247012e-09,0.0038321926,0.00024800847,0.00024934704,0.00044447716,0.0,0.0,0.0,0.027189039,0.0018061582,-4.196451e-10,8.409364e-09,260.68625,7.7859344,7.7738204,-2.3342314e-07,9.627569e-09,-8.326939e-07,0.097643115,0.015525807,0.03260718,0.00032428597,0.011192586,0.0052973814,0.06354938,8.321126e-07,0.00030980574,7.587731,4.8888563e-05,8.278032e-05,0.01895554,0.012640719,-0.0002767915,0.00036143055,-5.7838076e-08,-1.4503115e-07,4.129006e-05,-5.935629e-11,0.055517145,50.558502,58.177128,61.508446,54.47782,2,2
0.000102864586,0.99999994,2149.8833,2.0200892e-05,1.2120907,94.99987,-0.00035018602,1.1261876,1788.043,276.45178,276.2498,0.15131801,279.57367,276.4517,276.3362,-4.3551108e-07,276.6463,0.10485133,0.6736152,-1.4070768e-06,1.3450986e-06,-1.5558516e-07,7.432922,6.4686947,-0.00021925224,-3.796532e-09,10.3327465,3.4211996,-0.00016848958,1.1742381e-05,5.4496836e-06,-8.828322e-06,3.9341518e-05,0.0057244473,0.0,0.0,0.0,1.3886807,0.07177972,-1.2840543e-09,1.43255505e-08,0.0046533463,0.0,0.0,0.0,0.6329448,-2.8473991e-08,9.982359e-10,-8.9849745e-09,5.3360347e-09,0.0,0.0,0.0,2.6121594e-07,1.8246968e-08,0.0011622268,0.003762641,160.94498,111.898544,111.43378,0.35815072,0.40861034,4.620368,2.122861e-06,2.2701082e-07,1.0027204e-07,0.490562,0.13376072,-2.7938117e-07,3.3511208e-07,2.0668495,0.5405663,112.642975,2.7953363e-05,-2.8454122e-10,7.074447e-08,4.904611e-09,2449.7766,2437.2004,0.6949405,0.100959636,-1.185884e-11,0.00013633765,-5.33331e-08,161.0922,161.27673,160.92715,161.0811,1,1
0.000102864586,0.99999994,4100.6934,2.0200892e-05,1.3832638,2471.898,17.678848,0.88881135,1951.4644,1013.5482,1013.7502,0.50066036,1013.0565,1013.5483,1013.6638,-4.3551108e-07,1013.35364,5.560012e-07,0.021019677,0.3149934,0.04266492,0.0030475492,7.3849483,4.139227,7.993677,0.4767387,5.2652106,7.532345,0.46809322,3.276925e-11,5.4496836e-06,5.1464143,3.9341518e-05,0.002933698,0.0,0.0,0.0,0.69511014,0.09366011,-1.2840543e-09,1.43255505e-08,0.009184969,0.0,0.0,0.0,0.70378757,0.024586888,9.982359e-10,-8.9849745e-09,5.3360347e-09,0.0,0.0,0.0,2.6121594e-07,1.8246968e-08,4.0977775e-05,0.000802272,583.83685,349.9777,349.57892,0.21484208,0.13752224,3.4808953,2.1755316,0.06790732,1.0027204e-07,3.6693756e-08,2.64631e-07,0.37451622,0.49261698,1.3762254,1.3915948,350.0,0.0010579254,-2.8454122e-10,7.074447e-08,4.904611e-09,425.08273,412.5072,-5.7838076e-08,-1.4503115e-07,-1.185884e-11,0.00069867325,-5.33331e-08,760.68713,769.723,770.0729,769.919,1,1
321.60117,2.2347603,120.00055,330.23294,2.4465802,616.0751,6.068986,2.2622972e-07,0.00019002976,267.10614,267.08124,4.1963324e-07,268.78326,266.9323,266.90167,0.17900424,268.17007,5.560012e-07,6.939639e-07,0.42609265,1.3215498,0.16021618,-6.182481e-07,5.875665e-06,3.3537846,0.061165806,-1.7493998e-05,0.19897068,14.315993,3.276925e-11,0.47794124,1.3564975,20.222452,-4.2556582e-08,0.0,0.0,0.0,-2.0737421e-07,-1.0227022e-08,-1.2840543e-09,0.0005352044,1.1712029e-08,0.0,0.0,0.0,8.247012e-09,0.0057652905,0.0008561025,0.0002860039,0.0011176819,0.0,0.0,0.0,0.08702924,1.8246968e-08,-4.196451e-10,8.409364e-09,154.75269,198.75478,198.9789,-2.3342314e-07,9.627569e-09,-8.326939e-07,2.122861e-06,0.04741429,0.094398595,3.6693756e-08,2.64631e-07,0.026884753,0.016764022,8.321126e-07,8.152553e-07,198.49811,-2.8454122e-10,2.5411784e-05,0.053497862,0.04649425,1917.1487,1929.724,-5.7838076e-08,-1.4503115e-07,6.6652414e-05,-5.935629e-11,0.09321589,443.944,461.4513,467.2465,449.57547,2,2
0.000102864586,3.627245,1701.2915,2.0200892e-05,3.4346821,1511.347,0.9640053,0.19960092,290.39667,373.8109,404.9255,36.371056,435.8693,373.26706,404.6268,36.25086,436.0939,5.560012e-07,0.0993583,-1.4070768e-06,1.3450986e-06,-1.5558516e-07,38.251465,63.545906,102.530785,-3.796532e-09,38.451763,63.89178,99.40779,3.276925e-11,5.4496836e-06,-8.828322e-06,3.9341518e-05,0.00072892226,0.0,0.0,0.0,0.33484247,0.0060336487,-1.2840543e-09,1.43255505e-08,0.0007607756,0.0,0.0,0.0,0.1398666,-2.8473991e-08,9.982359e-10,-8.9849745e-09,5.3360347e-09,0.0,0.0,0.0,2.6121594e-07,1.8246968e-08,0.00020895856,0.00056036655,234.61107,52.273407,52.327133,0.083545454,0.04143096,0.52026284,2.122861e-06,2.2701082e-07,1.0027204e-07,3.6693756e-08,2.64631e-07,-2.7938117e-07,3.3511208e-07,0.312621,0.00069509016,51.59826,-2.8454122e-10,-2.8454122e-10,7.074447e-08,4.904611e-09,409.30344,360.1742,0.030443134,0.00031647485,-1.185884e-11,2.846139e-05,-5.33331e-08,152.56534,143.52454,137.14542,148.97783,1,1
28.912212,2.005579,430.01324,26.805197,2.03591,514.8397,-0.00035018602,2.2622972e-07,0.00019002976,252.4867,252.38033,4.1963324e-07,252.68951,252.45369,252.41936,0.010047477,252.61084,5.560012e-07,6.939639e-07,0.058714412,0.17309704,0.016384922,-6.182481e-07,5.875665e-06,0.32570848,0.0053958856,-1.7493998e-05,0.053401828,1.4256128,3.276925e-11,0.012319293,-8.828322e-06,1.5329983,-4.2556582e-08,0.0,0.0,0.0,-2.0737421e-07,-1.0227022e-08,-1.2840543e-09,2.5167486e-05,1.1712029e-08,0.0,0.0,0.0,8.247012e-09,0.0009699775,9.810652e-05,3.5932615e-05,0.0001266056,0.0,0.0,0.0,0.009483598,1.8246968e-08,-4.196451e-10,8.409364e-09,145.83896,260.96,260.9977,-2.3342314e-07,9.627569e-09,-8.326939e-07,2.122861e-06,0.004562605,0.008148771,3.6693756e-08,2.64631e-07,0.0020243712,0.007940628,8.321126e-07,8.152553e-07,260.9417,-2.8454122e-10,-2.8454122e-10,0.005858492,0.005350118,235.93185,250.01648,-5.7838076e-08,-1.4503115e-07,6.609119e-06,-5.935629e-11,0.0107974475,527.7074,529.6129,529.79236,528.2564,2,2
0.000102864586,1.5708847,2673.5342,2.0200892e-05,1.7840636,2146.4724,4.6339273,0.27770066,618.85223,1009.7796,1009.00714,0.1584782,1011.26196,1008.6681,1008.2476,-4.3551108e-07,1008.66284,5.560012e-07,0.0403373,0.14514783,0.052705202,-1.5558516e-07,2.6423333,2.196234,2.755396,0.15207505,2.3064096,1.7934531,0.44465572,3.276925e-11,5.4496836e-06,1.133353,3.9341518e-05,0.0011021069,0.0,0.0,0.0,0.20341852,0.027713051,-1.2840543e-09,1.43255505e-08,0.0025242683,0.0,0.0,0.0,0.2299893,0.0084790895,9.982359e-10,-8.9849745e-09,5.3360347e-09,0.0,0.0,0.0,2.6121594e-07,1.8246968e-08,3.3266424e-05,0.0004334236,583.43097,350.0,349.8694,0.055404905,0.042803776,1.2435066,0.7458594,0.020686138,1.0027204e-07,3.6693756e-08,2.64631e-07,0.14800806,0.15088686,0.3334111,0.40309224,350.0,0.00027498667,-2.8454122e-10,7.074447e-08,4.904611e-09,425.0881,412.51257,-5.7838076e-08,-1.4503115e-07,-1.185884e-11,0.0003283269,-5.33331e-08,721.922,726.20715,738.9879,750.93024,1,1
293.63437,2.4359818,1416.5005,284.4561,2.2287247,1912.9237,11.071916,2.2622972e-07,0.00019002976,994.2892,995.3084,4.1963324e-07,993.5655,994.783,995.53046,0.3615413,994.85815,0.12529428,6.939639e-07,-1.4070768e-06,0.26272717,0.09957107,-6.182481e-07,5.875665e-06,-0.00021925224,-3.796532e-09,-1.7493998e-05,-3.9340803e-06,4.705398,1.4969239e-05,0.80716485,1.0576084,18.221598,-4.2556582e-08,0.0,0.0,0.0,-2.0737421e-07,-1.0227022e-08,0.0002684953,0.0010945046,1.1712029e-08,0.0,0.0,0.0,8.247012e-09,-2.8473991e-08,0.0006195987,0.00038383002,0.0020206326,0.0,0.0,0.0,0.04859426,0.0066553536,-4.196451e-10,8.409364e-09,573.72235,349.98956,350.0,-2.3342314e-07,9.627569e-09,-8.326939e-07,2.122861e-06,0.0045649894,0.03919373,0.026299037,0.07277325,-2.7938117e-07,3.3511208e-07,8.321126e-07,8.152553e-07,349.82507,-2.8454122e-10,0.00010909391,0.023509454,0.02358294,-0.0002767915,0.00036143055,0.07859796,0.2260054,5.986552e-05,-5.935629e-11,0.16691202,673.90735,677.1925,669.24744,656.7144,2,2
0.000102864586,2.0005302,547.8951,2.0200892e-05,1.9582446,447.36267,2.4439857,0.02398418,33.99482,229.68842,229.83577,0.027374687,229.42944,229.74068,229.77376,-4.3551108e-07,229.56339,0.007484992,0.036537863,-1.4070768e-06,1.3450986e-06,-1.5558516e-07,0.25720152,0.038274918,-0.00021925224,-3.796532e-09,0.11884847,-3.9340803e-06,-0.00016848958,5.4491466e-07,0.0005242485,0.09288668,3.9341518e-05,9.091413e-05,0.0,0.0,0.0,0.03882101,0.0009925263,4.4128505e-05,1.43255505e-08,0.00018147806,0.0,0.0,0.0,0.013454684,-2.8473991e-08,9.982359e-10,-8.9849745e-09,5.3360347e-09,0.0,0.0,0.0,2.6121594e-07,0.00074483786,6.145569e-05,6.836004e-05,132.50674,350.0,349.99734,0.029524093,0.019621382,0.15486825,0.024141528,2.2701082e-07,1.0027204e-07,0.032874145,0.026670244,0.002736766,3.3511208e-07,0.110569835,0.03662191,350.0,7.465197e-06,7.3050096e-06,7.074447e-08,4.904611e-09,94.99045,76.51159,0.024349155,0.0011442641,-1.185884e-11,1.8865674e-06,-5.33331e-08,699.2894,696.54236,696.19666,698.0064,1,1
0.000102864586,1.5708847,2673.5342,2.0200892e-05,1.7840636,2146.4724,4.6339273,0.27770066,618.85223,1009.7796,1009.00714,0.1584782,1011.26196,1008.6681,1008.2476,-4.3551108e-07,1008.66284,5.560012e-07,0.0403373,0.14514783,0.052705202,-1.5558516e-07,2.6423333,2.196234,2.755396,0.15207505,2.3064096,1.7934531,0.44465572,3.276925e-11,5.4496836e-06,1.133353,3.9341518e-05,0.0011021069,0.0,0.0,0.0,0.20341852,0.027713051,-1.2840543e-09,1.43255505e-08,0.0025242683,0.0,0.0,0.0,0.2299893,0.0084790895,9.982359e-10,-8.9849745e-09,5.3360347e-09,0.0,0.0,0.0,2.6121594e-07,1.8246968e-08,3.3266424e-05,0.0004334236,583.43097,350.0,349.8694,0.055404905,0.042803776,1.2435066,0.7458594,0.020686138,1.0027204e-07,3.6693756e-08,2.64631e-07,0.14800806,0.15088686,0.3334111,0.40309224,350.0,0.00027498667,-2.8454122e-10,7.074447e-08,4.904611e-09,425.08566,412.50964,-5.7838076e-08,-1.4503115e-07,-1.185884e-11,0.0003283269,-5.33331e-08,721.922,726.20715,738.9879,750.93024,1,1
67.759865,2.100607,1865.0376,65.641624,2.0527804,1979.5978,2.5533607,2.2622972e-07,0.00019002976,998.5282,998.7635,4.1963324e-07,998.36127,998.6422,998.8147,0.08343081,998.65967,0.028923592,6.939639e-07,-1.4070768e-06,0.060624514,0.022977911,-6.182481e-07,5.875665e-06,-0.00021925224,-3.796532e-09,-1.7493998e-05,-3.9340803e-06,1.085769,3.4545992e-06,0.18622372,0.2439487,4.2049956,-4.2556582e-08,0.0,0.0,0.0,-2.0737421e-07,-1.0227022e-08,6.19652e-05,0.000252589,1.1712029e-08,0.0,0.0,0.0,8.247012e-09,-2.8473991e-08,0.00014297392,8.857842e-05,0.00046629246,0.0,0.0,0.0,0.011214994,0.0015357916,-4.196451e-10,8.409364e-09,576.42426,349.9976,350.0,-2.3342314e-07,9.627569e-09,-8.326939e-07,2.122861e-06,0.0010533219,0.009044748,0.00606922,0.016793516,-2.7938117e-07,3.3511208e-07,8.321126e-07,8.152553e-07,349.95963,-2.8454122e-10,2.517616e-05,0.0054248087,0.005441909,-0.0002767915,0.00036143055,0.01813692,0.05216584,1.3815227e-05,-5.935629e-11,0.038518853,697.0553,697.8136,695.9801,693.0872,2,2
0.000102864586,1.574583,1525.3784,2.0200892e-05,1.2120907,801.28796,-0.00035018602,0.91008973,853.05585,474.4518,474.2498,0.92995495,476.14307,474.4517,474.33624,-4.3551108e-07,474.6463,0.48084316,1.4630439,-1.4070768e-06,1.3450986e-06,-1.5558516e-07,7.432922,6.8538265,11.764185,-3.796532e-09,8.829298,-3.9340803e-06,-0.00016848958,5.0619456e-06,5.4496836e-06,0.29979587,3.9341518e-05,0.006600576,0.0,0.0,0.0,0.7805427,0.036564816,0.0005533012,1.43255505e-08,0.0025052247,0.0,0.0,0.0,0.32548785,-2.8473991e-08,9.982359e-10,0.000112807706,5.3360347e-09,0.0,0.0,0.0,2.6121594e-07,1.8246968e-08,0.00067067664,0.0011424804,273.23267,348.8353,348.98645,0.2969277,0.21398784,3.4924233,1.5805838,2.2701082e-07,1.0027204e-07,0.2433801,0.09339216,0.23698969,0.1269935,0.877097,0.30765232,350.0,0.9997108,0.9998639,7.074447e-08,4.904611e-09,559.0998,546.5238,0.15612024,0.07606111,-1.185884e-11,0.00019277359,-5.33331e-08,706.1771,774.277,677.9271,792.16315,1,1
